data/id,data/dblId,data/relatedDbl,data/name,data/nameLocal,data/abbreviation,data/abbreviationLocal,data/description,data/descriptionLocal,data/language/id,data/language/name,data/language/nameLocal,data/language/script,data/language/scriptDirection,data/countries/0/id,data/countries/0/name,data/countries/0/nameLocal,data/type,data/updatedAt,data/countries/1/id,data/countries/1/name,data/countries/1/nameLocal,data/countries/2/id,data/countries/2/name,data/countries/2/nameLocal,data/countries/3/id,data/countries/3/name,data/countries/3/nameLocal,data/countries/4/id,data/countries/4/name,data/countries/4/nameLocal,data/countries/5/id,data/countries/5/name,data/countries/5/nameLocal,data/audioBibles/0/id,data/audioBibles/0/name,data/audioBibles/0/nameLocal,data/audioBibles/0/dblId,data/countries/6/id,data/countries/6/name,data/countries/6/nameLocal,data/countries/7/id,data/countries/7/name,data/countries/7/nameLocal,data/countries/8/id,data/countries/8/name,data/countries/8/nameLocal,data/countries/9/id,data/countries/9/name,data/countries/9/nameLocal,data/countries/10/id,data/countries/10/name,data/countries/10/nameLocal,data/countries/11/id,data/countries/11/name,data/countries/11/nameLocal,data/countries/12/id,data/countries/12/name,data/countries/12/nameLocal,data/countries/13/id,data/countries/13/name,data/countries/13/nameLocal,data/countries/14/id,data/countries/14/name,data/countries/14/nameLocal
0c2ff0a5c8b9069c-01,0c2ff0a5c8b9069c,,Nend Portions - Mark,MAK Yakŋ Ohɨrand Ya Imbɨr Makɨv Mpamar,NendNP03,NendNP03,,Mark in Nend,anh,Nend,Nend,Latin,LTR,PG,Papua New Guinea,Papua New Guinea,text,2020-09-11T14:48:48.000Z,,,,,,,,,,,,,,,,,,,,,,,,,,,,,,,,,,,,,,,,,,,,,,
b7ad344da9c39262-01,b7ad344da9c39262,,Arapaho Luke,Hethadenee waunauyaunee vadan Luke Vanenāna,arp,arp,common,common,arp,Arapaho,Arapaho,Latin,LTR,US,United States,United States,text,2020-09-15T05:31:49.000Z,,,,,,,,,,,,,,,,,,,,,,,,,,,,,,,,,,,,,,,,,,,,,,
d199679f805f5b29-01,d199679f805f5b29,,Indian Revised Version (IRV) Assamese - 2019,ইণ্ডিয়ান ৰিভাইচ ভাৰচন (IRV) আচামিচ - 2019,IRVAsm,IRVAsm,Indian Revised Version Holy Bible in the Assameese language of India,Indian Revised Version Holy Bible in the Assameese language of India,asm,Assamese,অসমীয়া,Bengali,LTR,IN,India,India,text,2020-07-29T00:34:59.000Z,,,,,,,,,,,,,,,,,,,,,,,,,,,,,,,,,,,,,,,,,,,,,,
17c44f6c89de00db-01,17c44f6c89de00db,,Belarusian New Testament and Books of Old Testament,Новы Запавет і Кнігі Старога Запавету,NTPrv,НЗПрп,Belarusian New Testament and Books of Old Testament,Новы Запавет і Кнігі Старога Запавету,bel,Belarusan,беларуская,Cyrillic,LTR,BY,Belarus,Belarus,text,2021-02-08T21:08:27.000Z,,,,,,,,,,,,,,,,,,,,,,,,,,,,,,,,,,,,,,,,,,,,,,
b52bc8b7af3bdc6f-03,b52bc8b7af3bdc6f,,Bible (V. Semukha translation),Біблія (пераклад В. Сёмухі),BBL,ББЛ,Synodal,Сінадальны,bel,Belarusian,беларуская,Cyrillic,LTR,BY,Belarus,Belarus,text,2020-09-15T05:29:51.000Z,,,,,,,,,,,,,,,,,,,,,,,,,,,,,,,,,,,,,,,,,,,,,,
4c3eda00cd317568-01,4c3eda00cd317568,,Indian Revised Version (IRV) Bengali,ইন্ডিয়ান রিভাইজড ভার্সন (IRV) - বেঙ্গলী,IRVBen,IRVBen,Protestant,Protestant,ben,Bengali,বাংলা,Bengali,LTR,IN,India,India,text,2020-09-11T19:22:40.000Z,,,,,,,,,,,,,,,,,,,,,,,,,,,,,,,,,,,,,,,,,,,,,,
55bab459b716348c-01,55bab459b716348c,,Bedamuni Bible,GODE EA SIA: IDA:IWANE GALA,beo,BEO,common,common,beo,Beami,Beami,Latin,LTR,PG,Papua New Guinea,Papua New Guinea,text,2020-09-11T20:01:31.000Z,,,,,,,,,,,,,,,,,,,,,,,,,,,,,,,,,,,,,,,,,,,,,,
6855dabfcb711cc2-01,6855dabfcb711cc2,,Blackfoot Matthew,ŎKHS' I TSĬN IK SĬN NI ST. MATTHEW OT SĬN AI PI.,bla1890,bla1890,common,common,bla,Siksika,Siksika,Latin,LTR,CA,Canada,Canada,text,2020-09-11T20:58:19.000Z,,,,,,,,,,,,,,,,,,,,,,,,,,,,,,,,,,,,,,,,,,,,,,
71d2075d284c4eae-01,71d2075d284c4eae,,God's Holy Book,Kitabu ka Kanu,Baga,KKK,"The Law books, Psalms, the Gospel and the Letters of the Apostles","Tawureta, Yabura, Iŋyila, kɔ reka ya asɔm a Yesu",bsp,Baga Sitemu,Baga Sitemu,Latin,LTR,GN,Guinea,Guinea,text,2020-09-11T21:26:40.000Z,,,,,,,,,,,,,,,,,,,,,,,,,,,,,,,,,,,,,,,,,,,,,,
c61908161b077c4c-01,c61908161b077c4c,,Czech Kralická Bible 1613,Bible Kralická 1613,ces1613,BKR,common,společný,ces,Czech,Čeština,Latin,LTR,CZ,Czech Republic,Czech Republic,text,2020-09-12T00:19:28.000Z,,,,,,,,,,,,,,,,,,,,,,,,,,,,,,,,,,,,,,,,,,,,,,
dca01eb41e39d25d-02,dca01eb41e39d25d,,Kwere Bible,Biblia Ching'hwele,Kwere,Kwere,NT & Pentateuch,NT & Pentateuch,cwe,Kwere,Kwere,Latin,LTR,TZ,"Tanzania, United Republic of","Tanzania, United Republic of",text,2020-07-29T01:17:23.000Z,,,,,,,,,,,,,,,,,,,,,,,,,,,,,,,,,,,,,,,,,,,,,,
dca01eb41e39d25d-01,dca01eb41e39d25d,,The New Testament in Kwere,Lagano da Sambi kwa Wanhu Wose,Kwere,Kwere,New Testament,Kwere,cwe,Kwere,Kwere,Latin,LTR,TZ,"Tanzania, United Republic of","Tanzania, United Republic of",text,2020-07-29T01:17:10.000Z,,,,,,,,,,,,,,,,,,,,,,,,,,,,,,,,,,,,,,,,,,,,,,
95410db44ef800c1-01,95410db44ef800c1,,German Unrevised Elberfelder Bible,Darby Unrevidierte Elberfelder,deuelo,ELO,Protestant,evangelisch,deu,"German, Standard",Deutsch,Latin,LTR,DE,Germany,Germany,text,2021-01-20T09:10:28.000Z,AT,Austria,Austria,,,,,,,,,,,,,,,,,,,,,,,,,,,,,,,,,,,,,,,,,,,
542b32484b6e38c2-01,542b32484b6e38c2,,"The Holy Bible in German, translation by Kautzsch und Weizsäcker 1906",Textbibel von Kautzsch und Weizsäcker,deutkw,TKW,common,verbreitet,deu,German,Deutsch,Latin,LTR,DE,Germany,Germany,text,2020-09-11T19:50:00.000Z,,,,,,,,,,,,,,,,,,,,,,,,,,,,,,,,,,,,,,,,,,,,,,
e578524a0893c6b7-01,e578524a0893c6b7,,Dawro New Testament,Dawro New Testament,DWNT,DWNT,New Testament,New Testament,dwr,Dawro,Dawro,Latin,LTR,ET,Ethiopia,Ethiopia,text,2020-07-29T02:05:27.000Z,,,,,,,,,,,,,,,,,,,,,,,,,,,,,,,,,,,,,,,,,,,,,,
685d1470fe4d5c3b-01,685d1470fe4d5c3b,,American Standard Version (Byzantine Text with Apocrypha),American Standard Version Byzantine Text with Apocrypha,ASVBT,ASVBT,,,eng,English,English,Latin,LTR,US,United States of America,United States of America,text,2021-02-09T21:10:31.000Z,,,,,,,,,,,,,,,,,,,,,,,,,,,,,,,,,,,,,,,,,,,,,,
6bab4d6c61b31b80-01,6bab4d6c61b31b80,,Brenton English Septuagint (Updated Spelling and Formatting),Brenton English Septuagint (Updated Spelling and Formatting),engLXXup,LXXup,common,common,eng,English,English,Latin,LTR,ZZ,Unspecific,Unspecific,text,2020-07-28T15:54:25.000Z,,,,,,,,,,,,,,,,,,,,,,,,,,,,,,,,,,,,,,,,,,,,,,
65bfdebd704a8324-01,65bfdebd704a8324,,Brenton English translation of the Septuagint,Brenton English translation of the Septuagint,engbrent,Brenton,Septuagint,Septuagint,eng,English,English,Latin,LTR,GB,United Kingdom,United Kingdom,text,2020-09-11T20:50:20.000Z,US,United States,United States,,,,,,,,,,,,,,,,,,,,,,,,,,,,,,,,,,,,,,,,,,,
55212e3cf5d04d49-01,55212e3cf5d04d49,,Cambridge Paragraph Bible of the KJV,Cambridge Paragraph Bible of the KJV,engKJVCPB,KJVCPB,Common,Common,eng,English,English,Latin,LTR,US,United States,United States,text,2020-09-09T21:52:35.000Z,,,,,,,,,,,,,,,,,,,,,,,,,,,,,,,,,,,,,,,,,,,,,,
179568874c45066f-01,179568874c45066f,,Douay-Rheims American 1899,Douay-Rheims American 1899,engDRA,DRA,"The Holy Bible in English, Douay-Rheims American Edition of 1899, translated from the Latin Vulgate",Catholic,eng,English,English,Latin,LTR,US,United States,United States,text,2020-10-12T20:18:43.000Z,,,,,,,,,,,,,,,,,,,,,,,,,,,,,,,,,,,,,,,,,,,,,,
55ec700d9e0d77ea-01,55ec700d9e0d77ea,,English Majority Text Version,English Majority Text Version,engEMTV,EMTV,common,common,eng,English,English,Latin,LTR,US,United States,United States,text,2020-09-11T20:03:01.000Z,,,,,,,,,,,,,,,,,,,,,,,,,,,,,,,,,,,,,,,,,,,,,,
65eec8e0b60e656b-01,65eec8e0b60e656b,,Free Bible Version,Free Bible Version,FBV,FBV,Protestant FBV full 3.0 beta,Protestant FBV full 3.0 beta,eng,English,English,Latin,LTR,US,United States,United States,text,2021-01-22T09:10:23.000Z,,,,,,,,,,,,,,,,,,,,,,,,,,,,,,,,,,,,,,,,,,,,,,
c315fa9f71d4af3a-01,c315fa9f71d4af3a,,Geneva Bible,Geneva Bible,enggnv,GNV,common,common,eng,English,English,Latin,LTR,GB,United Kingdom,United Kingdom,text,2020-09-15T05:45:48.000Z,,,,,,,,,,,,,,,,,,,,,,,,,,,,,,,,,,,,,,,,,,,,,,
bf8f1c7f3f9045a5-01,bf8f1c7f3f9045a5,,JPS TaNaKH 1917,JPS TaNaKH 1917,engojps,OJPS,Jewish,Jewish,eng,English,English,Latin,LTR,US,United States,United States,text,2020-07-28T23:12:45.000Z,,,,,,,,,,,,,,,,,,,,,,,,,,,,,,,,,,,,,,,,,,,,,,
de4e12af7f28f599-01,de4e12af7f28f599,,King James (Authorised) Version,King James Version,engKJV,KJV,Ecumenical,Ecumenical,eng,English,English,Latin,LTR,GB,United Kingdom,United Kingdom,text,2020-11-12T21:16:24.000Z,,,,,,,,,,,,,,,,,,,,,,,,,,,,,,,,,,,,,,,,,,,,,,
de4e12af7f28f599-02,de4e12af7f28f599,,King James (Authorised) Version,King James Version,engKJV,KJV,Protestant,Protestant,eng,English,English,Latin,LTR,GB,United Kingdom,United Kingdom,text,2020-11-12T21:16:55.000Z,,,,,,,,,,,,,,,,,,,,,,,,,,,,,,,,,,,,,,,,,,,,,,
01b29f4b342acc35-01,01b29f4b342acc35,,Literal Standard Version,Literal Standard Version,LSV,LSV,Protestant,Protestant,eng,English,English,Latin,LTR,US,United States of America,United States of America,text,2021-02-04T09:07:53.000Z,GB,United Kingdom of Great Britain and Northern Ireland,United Kingdom of Great Britain and Northern Ireland,CA,Canada,Canada,AU,Australia,Australia,ZA,South Africa,South Africa,NZ,New Zealand,New Zealand,,,,,,,,,,,,,,,,,,,,,,,,,,,,,,,
40072c4a5aba4022-01,40072c4a5aba4022,,Revised Version 1885,Revised Version 1885,engRV,RV,Interconfessional,Interconfessional,eng,English,English,Latin,LTR,GB,United Kingdom,United Kingdom,text,2020-10-29T20:23:31.000Z,,,,,,,,,,,,,,,,,,,,,,,,,,,,,,,,,,,,,,,,,,,,,,
ec290b5045ff54a5-01,ec290b5045ff54a5,,Targum Onkelos Etheridge,Targum Onkelos Etheridge,engOKE,OKE,common,common,eng,English,English,Latin,LTR,ZZ,Unspecific,Unspecific,text,2020-07-29T02:31:40.000Z,,,,,,,,,,,,,,,,,,,,,,,,,,,,,,,,,,,,,,,,,,,,,,
2f0fd81d7b85b923-01,2f0fd81d7b85b923,,The English New Testament According to Family 35,The English New Testament According to Family 35,engF35,F35,Common,Common,eng,English,English,Latin,LTR,ZZ,Unspecific,Unspecific,text,2020-09-09T21:52:33.000Z,,,,,,,,,,,,,,,,,,,,,,,,,,,,,,,,,,,,,,,,,,,,,,
06125adad2d5898a-01,06125adad2d5898a,,"The Holy Bible, American Standard Version","The Holy Bible, American Standard Version",ASV,ASV,Bible,Bible,eng,English,English,Latin,LTR,US,United States of America,United States of America,text,2021-01-22T09:07:29.000Z,,,,,,,,,,,,,,,,,,,,,,,,,,,,,,,,,,,,,,,,,,,,,,
66c22495370cdfc0-01,66c22495370cdfc0,,Translation for Translators,Translation for Translators,T4T,T4T,common,common,eng,English,English,Latin,LTR,US,United States of America,United States of America,text,2021-02-02T09:10:44.000Z,,,,,,,,,,,,,,,,,,,,,,,,,,,,,,,,,,,,,,,,,,,,,,
9879dbb7cfe39e4d-01,9879dbb7cfe39e4d,,World English Bible,World English Bible,WEB,WEB,Ecumenical,Ecumenical,eng,English,English,Latin,LTR,US,United States of America,United States of America,text,2021-02-22T21:13:08.000Z,,,,,,,,,,,,,,,,105a06b6146d11e7-01,English - World English Bible (NT),English - World English Bible (NT),105a06b6146d11e7,,,,,,,,,,,,,,,,,,,,,,,,,,,
9879dbb7cfe39e4d-02,9879dbb7cfe39e4d,,World English Bible,World English Bible,WEB,WEB,Catholic,Catholic,eng,English,English,Latin,LTR,US,United States of America,United States of America,text,2021-02-22T21:13:40.000Z,,,,,,,,,,,,,,,,105a06b6146d11e7-01,English - World English Bible (NT),English - World English Bible (NT),105a06b6146d11e7,,,,,,,,,,,,,,,,,,,,,,,,,,,
9879dbb7cfe39e4d-03,9879dbb7cfe39e4d,,World English Bible,World English Bible,WEB,WEB,Orthodox,Orthodox,eng,English,English,Latin,LTR,US,United States of America,United States of America,text,2021-02-22T21:14:12.000Z,,,,,,,,,,,,,,,,105a06b6146d11e7-01,English - World English Bible (NT),English - World English Bible (NT),105a06b6146d11e7,,,,,,,,,,,,,,,,,,,,,,,,,,,
9879dbb7cfe39e4d-04,9879dbb7cfe39e4d,,World English Bible,World English Bible,WEB,WEB,Protestant,Protestant,eng,English,English,Latin,LTR,US,United States of America,United States of America,text,2021-02-22T21:14:43.000Z,,,,,,,,,,,,,,,,105a06b6146d11e7-01,English - World English Bible (NT),English - World English Bible (NT),105a06b6146d11e7,,,,,,,,,,,,,,,,,,,,,,,,,,,
7142879509583d59-01,7142879509583d59,,World English Bible British Edition,World English Bible British Edition,WEBBE,WEBBE,Ecumenical,Ecumenical,eng,English,English,Latin,LTR,GB,United Kingdom of Great Britain and Northern Ireland,United Kingdom of Great Britain and Northern Ireland,text,2021-02-22T21:10:38.000Z,,,,,,,,,,,,,,,,,,,,,,,,,,,,,,,,,,,,,,,,,,,,,,
7142879509583d59-02,7142879509583d59,,World English Bible British Edition,World English Bible British Edition,WEBBE,WEBBE,Catholic,Catholic,eng,English,English,Latin,LTR,GB,United Kingdom of Great Britain and Northern Ireland,United Kingdom of Great Britain and Northern Ireland,text,2021-02-22T21:11:14.000Z,,,,,,,,,,,,,,,,,,,,,,,,,,,,,,,,,,,,,,,,,,,,,,
7142879509583d59-03,7142879509583d59,,World English Bible British Edition,World English Bible British Edition,WEBBE,WEBBE,Orthodox,Orthodox,eng,English,English,Latin,LTR,GB,United Kingdom of Great Britain and Northern Ireland,United Kingdom of Great Britain and Northern Ireland,text,2021-02-22T21:11:45.000Z,,,,,,,,,,,,,,,,,,,,,,,,,,,,,,,,,,,,,,,,,,,,,,
7142879509583d59-04,7142879509583d59,,World English Bible British Edition,World English Bible British Edition,WEBBE,WEBBE,Protestant,Protestant,eng,English,English,Latin,LTR,GB,United Kingdom of Great Britain and Northern Ireland,United Kingdom of Great Britain and Northern Ireland,text,2021-02-22T21:12:17.000Z,,,,,,,,,,,,,,,,,,,,,,,,,,,,,,,,,,,,,,,,,,,,,,
f72b840c855f362c-04,f72b840c855f362c,,World Messianic Bible,World Messianic Bible,WMB,WMB,Messianic,Messianic,eng,English,English,Latin,LTR,US,United States of America,United States of America,text,2021-02-22T21:17:31.000Z,,,,,,,,,,,,,,,,,,,,,,,,,,,,,,,,,,,,,,,,,,,,,,
04da588535d2f823-04,04da588535d2f823,,World Messianic Bible British Edition,World Messianic Bible British Edition,WMBBE,WMBBE,Messianic,Messianic,eng,English,English,Latin,LTR,AU,Australia,Australia,text,2021-02-22T21:07:55.000Z,AS,American Samoa,American Samoa,BS,Bahamas,Bahamas,BZ,Belize,Belize,IO,British Indian Ocean Territory,British Indian Ocean Territory,VG,"Virgin Islands, British","Virgin Islands, British",,,,,CA,Canada,Canada,KE,Kenya,Kenya,FM,"Micronesia, Federated States of","Micronesia, Federated States of",NZ,New Zealand,New Zealand,PG,Papua New Guinea,Papua New Guinea,WS,Samoa,Samoa,SG,Singapore,Singapore,TO,Tonga,Tonga,GB,United Kingdom of Great Britain and Northern Ireland,United Kingdom of Great Britain and Northern Ireland
9b076bc0f1856204-01,9b076bc0f1856204,,Pular Fuuta-Jallon Version,Version Pular Fuuta-Jallon,PFJV,VPFJ,New Testament,Injil,fuf,Pular,Pular,Latin,LTR,GN,Guinea,Guinea,text,2020-09-11T23:37:26.000Z,,,,,,,,,,,,,,,,,,,,,,,,,,,,,,,,,,,,,,,,,,,,,,
da905e46720432e2-01,da905e46720432e2,,New Testament in Mborena Kam,Raraŋ Aetaniacna Kam Wembaŋ Laŋ,MbKamNT,MbKamNT,New Testament in Mbore language (Mborena Kam),NT Mborena Kam,gai,Borei,Mborena Kam,Latin,LTR,PG,Papua New Guinea,Papua New Guinea,text,2020-09-12T00:37:17.000Z,,,,,,,,,,,,,,,,,,,,,,,,,,,,,,,,,,,,,,,,,,,,,,
e8b818f49c7c2835-01,e8b818f49c7c2835,,The New Testament in Kire,Fhe Bakɨmen Kaman Kameŋ,KirNT,KirNT,Protestant,Protestant,geb,Kire,Kire,Latin (Roman) with Papua New Guinea enhancements,LTR,PG,Papua New Guinea,Papua New Guinea,text,2020-07-29T02:15:12.000Z,,,,,,,,,,,,,,,,,,,,,,,,,,,,,,,,,,,,,,,,,,,,,,
c114c33098c4fef1-01,c114c33098c4fef1,,Brenton Greek Septuagint,μετάφραση των εβδομήκοντα,grcbrent,GRCBRENT,common,κοινός,grc,"Greek, Ancient",Ελληνιστική,Greek,LTR,GR,Greece,Greece,text,2020-07-28T16:17:49.000Z,,,,,,,,,,,,,,,,,,,,,,,,,,,,,,,,,,,,,,,,,,,,,,
3aefb10641485092-01,3aefb10641485092,,Greek Textus Receptus,Η Καινή Διαθήκη,GRCTR,GRCTR,common,κοινός,grc,"Greek, Ancient",Ελληνιστική,Greek,LTR,ZZ,Unspecific,Unspecific,text,2020-09-09T21:47:35.000Z,,,,,,,,,,,,,,,,,,,,,,,,,,,,,,,,,,,,,,,,,,,,,,
5e29945cf530b0f6-01,5e29945cf530b0f6,,The Greek New Testament According to Family 35,Η Ελληνική Καινή Διαθήκη Σύμφωνα με την Οικογένεια 35,grcF35,F35,common,κοινός,grc,"Greek, Ancient",Ελληνιστική,Greek,LTR,ZZ,Unspecific,Unspecific,text,2020-09-09T21:53:51.000Z,,,,,,,,,,,,,,,,,,,,,,,,,,,,,,,,,,,,,,,,,,,,,,
3548ab6114a312d4-02,3548ab6114a312d4,,Gujarati Bible,ગુજરાતી બાઇબલ,gujBCS,GUJBCS,common,common,guj,Gujarati,ગુજરાતી,Gujarati,LTR,IN,India,India,text,2020-09-15T04:08:07.000Z,,,,,,,,,,,,,,,,,,,,,,,,,,,,,,,,,,,,,,,,,,,,,,
3548ab6114a312d4-01,3548ab6114a312d4,,Gujarati New Testament,ગુજરાતી બાઇબલ,guj,GUJ,common,common,guj,Gujarati,ગુજરાતી,Gujarati,LTR,IN,India,India,text,2020-06-05T16:07:53.000Z,,,,,,,,,,,,,,,,,,,,,,,,,,,,,,,,,,,,,,,,,,,,,,
705aad6832c6e4d2-02,705aad6832c6e4d2,,The Holy Bible in Hindi,पवित्र बाइबिल,hinirv,HINIRV,common,common,hin,Hindi,हिन्दी,Devanagari,LTR,IN,India,India,text,2020-09-11T21:21:11.000Z,,,,,,,,,,,,,,,,,,,,,,,,,,,,,,,,,,,,,,,,,,,,,,
2dd568eeff29fb3c-02,2dd568eeff29fb3c,,Plain Indonesian Translation,Terjemahan Sederhana Indonesia,TSI,TSi,Easy to understand every day translation,menikmati terjemahan Alkitab yang mudah dimengerti,ind,Indonesian,"Indonesia, bahasa",Latin,LTR,ID,Indonesia,Indonesia,text,2021-02-26T21:08:54.000Z,MY,Malaysia,Malaysia,,,,,,,,,,,,,,,,,,,,,,,,,,,,,,,,,,,,,,,,,,,
2dd568eeff29fb3c-01,2dd568eeff29fb3c,,Terjemahan Sederhana Indonesia NT Second Edition,Perjanjian Baru dalam Terjemahan Sederhana Indonesia Edisi Kedua,TSI,TSI,New Testament and some other books,Perjanjian Baru dalam Terjemahan Sederhana Indonesia,ind,Indonesian,"Indonesia, bahasa",Latin,LTR,ID,Indonesia,Indonesia,text,2020-02-12T00:10:07.000Z,MY,Malaysia,Malaysia,,,,,,,,,,,,,,,,,,,,,,,,,,,,,,,,,,,,,,,,,,,
41f25b97f468e10b-01,41f25b97f468e10b,,Diodati Bible 1885,Diodati Bibbia 1885,DB1885,DB1885,Diodati Bible 1885,Diodati Bibbia 1885,ita,Italian,Italiano,Latin,LTR,IT,Italy,Italy,text,2020-09-15T04:20:52.000Z,,,,,,,,,,,,,,,,,,,,,,,,,,,,,,,,,,,,,,,,,,,,,,
a33a100f04f2752e-01,a33a100f04f2752e,,Indian Revised Version (IRV) Kannada - 2019,ಇಂಡಿಯನ್ ರಿವೈಜ್ಡ್ ವರ್ಸನ್ (IRV) - ಕನ್ನಡ - 2019,IRVKan,IRVKan,Bible for all,Bible for all,kan,Kannada,ಕನ್ನಡ,Kannada,LTR,IN,India,India,text,2020-07-28T20:42:47.000Z,,,,,,,,,,,,,,,,,,,,,,,,,,,,,,,,,,,,,,,,,,,,,,
f2f349d77ac8f8bc-01,f2f349d77ac8f8bc,,The New Testament in Kutu,Lagano da Sambi kwa Wanhu Wose,Kutu,Kutu,New Testament,Kutu,kdc,Kutu,Kutu,Roman,LTR,TZ,Tanzania,Tanzania,text,2020-07-29T02:56:41.000Z,,,,,,,,,,,,,,,,,,,,,,,,,,,,,,,,,,,,,,,,,,,,,,
c11c93a0b8a04496-01,c11c93a0b8a04496,,Makonde NT,Makonde NT,Makonde,Makonde,NT,Makonde,kde,Makonde,Shimakonde,Latin,LTR,TZ,"Tanzania, United Republic of","Tanzania, United Republic of",text,2020-07-28T23:18:49.000Z,,,,,,,,,,,,,,,,,,,,,,,,,,,,,,,,,,,,,,,,,,,,,,
df7d5d71526afe9e-01,df7d5d71526afe9e,,Kapingamarangi Bible,Beebaa Dabu,kpg,kpg,Common,Common,kpg,Kapingamarangi,Kapingamarangi,Latin,LTR,FM,Micronesia,Micronesia,text,2020-09-12T00:42:15.000Z,,,,,,,,,,,,,,,,,,,,,,,,,,,,,,,,,,,,,,,,,,,,,,
5591cba5ae063228-01,5591cba5ae063228,,Mum Language NT Portions,Mum Tok Ples,MumNP18,MumNP18,Mum Matthew,Mum Matyu,kqa,Mum,Mum,Latin,LTR,PG,Papua New Guinea,Papua New Guinea,text,2020-09-11T20:00:06.000Z,,,,,,,,,,,,,,,,,,,,,,,,,,,,,,,,,,,,,,,,,,,,,,
6aa52b968434d882-01,6aa52b968434d882,,The Book of Mark - Kianying Balang,Mak - Kiañiŋ Balaŋ,KBNT,KBNT,Gospel of Mark,Gutnius bilong Mak,kql,Kyenele,Kiañiŋ Balaŋ,Latin,LTR,PG,Papua New Guinea,Papua New Guinea,text,2020-09-11T22:10:47.000Z,,,,,,,,,,,,,,,,,,,,,,,,,,,,,,,,,,,,,,,,,,,,,,
9f78f34aabe691c9-02,9f78f34aabe691c9,,Malayalam Indian Revised Version Bible,മലയാളം ബൈബിള്‍,malirv,MALIRV,common,common,mal,Malayalam,മലയാളം,Malayalam,LTR,IN,India,India,text,2020-07-28T20:29:00.000Z,,,,,,,,,,,,,,,,,,,,,,,,,,,,,,,,,,,,,,,,,,,,,,
8c49129a458d4059-01,8c49129a458d4059,,Indian Revised Version (IRV) - Marathi,इंडियन रीवाइज्ड वर्जन (IRV) - मराठी,IRVMar,IRVMar,Marathi Protestant Bible,मराठी प्रोटेस्टंट बायबल,mar,Marathi,मराठी,Devanagari,LTR,IN,India,India,text,2020-09-11T22:47:53.000Z,,,,,,,,,,,,,,,,,,,,,,,,,,,,,,,,,,,,,,,,,,,,,,
385573d4ba3ff72a-01,385573d4ba3ff72a,,Maale Bible,ጌኤዦ ማፃኣፖ,MB,MB,The Bible in Maale,ጌኤዦ ማፃኣፖ,mdy,Maale,Male,Ethiopic (Geʻez),LTR,ET,Ethiopia,Ethiopia,text,2020-09-11T18:26:38.000Z,,,,,,,,,,,,,,,,,,,,,,,,,,,,,,,,,,,,,,,,,,,,,,
bed82ba57f117c16-01,bed82ba57f117c16,,Maale New Testament,Maale New Testament,MNT,MNT,New Testament,New Testament,mdy,Male (Ethiopia),Male (Ethiopia),Ethiopic,LTR,ET,Ethiopia,Ethiopia,text,2020-07-28T23:11:13.000Z,,,,,,,,,,,,,,,,,,,,,,,,,,,,,,,,,,,,,,,,,,,,,,
abf017938be72f46-01,abf017938be72f46,,Morokodo,Morokodo,MKD,MKD,Portion of Morokodo,Portion of Morokodo,mgc,Morokodo,Morokodo,Latin,LTR,SS,South Sudan,South Sudan,text,2020-07-28T21:53:06.000Z,,,,,,,,,,,,,,,,,,,,,,,,,,,,,,,,,,,,,,,,,,,,,,
b5105cd03c972046-01,b5105cd03c972046,,Makua New Testament,Makua New Testament,MNT,MNT,Makua New Testament 2015,Makua New Testament 2015,mgh,Makhuwa-Meetto,Makua,Latin,LTR,TZ,Tanzania,Tanzania,text,2020-07-28T22:35:21.000Z,,,,,,,,,,,,,,,,,,,,,,,,,,,,,,,,,,,,,,,,,,,,,,
f638e44feb77f803-01,f638e44feb77f803,,The Holy Gospel of Jesus for the Matumbi,Injili ya Yesu,Matumbi,Matumbi,Luke and Acts,Luka & Matendo ya Mitume,mgw,Matumbi,Matumbi,Latin,LTR,TZ,"Tanzania, United Republic of","Tanzania, United Republic of",text,2020-09-12T01:04:06.000Z,,,,,,,,,,,,,,,,,,,,,,,,,,,,,,,,,,,,,,,,,,,,,,
4ffcec8e8f3c33e7-01,4ffcec8e8f3c33e7,,God's Holy Book in Sankaran,Alla la Kitabu Seniman,GHBS,AKS,"Genesis, Luke, Galatians, James","A Damira, Luka, Yakuba, Kalatikailu",msc,Sankaran Maninka,Sankaran,Latin,LTR,GN,Guinea,Guinea,text,2020-09-11T19:38:28.000Z,,,,,,,,,,,,,,,,,,,,,,,,,,,,,,,,,,,,,,,,,,,,,,
5e51f89e89947acb-01,5e51f89e89947acb,,Aruamu New Testament,Godɨn Akar Aghuim; Akar Dɨkɨrɨzir Gavgavir Igiam,AruNT,AruNT,New Testament,New Testament,msy,Aruamu,Aruamu,Latin,LTR,PG,Papua New Guinea,Papua New Guinea,text,2020-07-28T21:50:22.000Z,,,,,,,,,,,,,,,,,,,,,,,,,,,,,,,,,,,,,,,,,,,,,,
98adf0b796dc9ff4-01,98adf0b796dc9ff4,,The Bible in Aruamu: Old Testament and New Testament,Godɨn Eghaghanim: Akar Gavgavir Dɨkɨrɨzir Ghurim ko Igiam,AruBib20,AruBib20,Protestant,Protestant,msy,Aruamu,Aruamu,Latin,LTR,PG,Papua New Guinea,Papua New Guinea,text,2021-01-29T09:10:38.000Z,,,,,,,,,,,,,,,,,,,,,,,,,,,,,,,,,,,,,,,,,,,,,,
ed5744967fe39c8c-01,ed5744967fe39c8c,,The New Testament in Mwela,Malagano ga Ambi,Mwela,Shimwela,New Testament,Malagano ga Ambi,mwe,Mwera,Shimwela,Latin,LTR,TZ,"Tanzania, United Republic of","Tanzania, United Republic of",text,2020-07-29T02:34:03.000Z,,,,,,,,,,,,,,,,,,,,,,,,,,,,,,,,,,,,,,,,,,,,,,
cb0425ae772bb042-01,cb0425ae772bb042,,The New Testament in Ndamba,Lilaghanu lya shonu,NdBV,NdBV,,Ndamba New Testament,ndj,Ndamba,Ndamba,Roman,LTR,TZ,Tanzania,Tanzania,text,2020-09-15T05:48:13.000Z,,,,,,,,,,,,,,,,,,,,,,,,,,,,,,,,,,,,,,,,,,,,,,
324f457845cb5d21-01,324f457845cb5d21,,Nguu New Testament,Ndagano mp'ya kwa wanth'u wose,NgBV,NgBV,,Nguu New Testament,ngp,Nguu,Ngulu,Roman,LTR,TZ,Tanzania,Tanzania,text,2020-09-15T04:04:29.000Z,,,,,,,,,,,,,,,,,,,,,,,,,,,,,,,,,,,,,,,,,,,,,,
312df00520eac624-01,312df00520eac624,,Takuu New Testament,Na Taratara TeAtua i naa taratara Takuu,NHO,Takuu,commo,commo,nho,Takuu,Takuu,Latin,LTR,PG,Papua New Guinea,Papua New Guinea,text,2020-09-15T03:59:31.000Z,,,,,,,,,,,,,,,,,,,,,,,,,,,,,,,,,,,,,,,,,,,,,,
ead7b4cc5007389c-01,ead7b4cc5007389c,,Dutch Bible 1939,"De Heilige Schrift, Petrus Canisiusvertaling, 1939",nld1939,NLD1939,Catholic,Katholiek,nld,Dutch,Nederlands,Latin,LTR,NL,Netherlands,Netherlands,text,2020-09-12T00:54:49.000Z,,,,,,,,,,,,,,,,,,,,,,,,,,,,,,,,,,,,,,,,,,,,,,
365f988242c307d2-02,365f988242c307d2,,Oria Indian Revised Version Bible,ଓଡିଆ ବାଇବେଲ,oryirv,ORYIRV,common,common,ory,Odia,ODIA,Oriya,LTR,IN,India,India,text,2020-09-11T18:18:59.000Z,,,,,,,,,,,,,,,,,,,,,,,,,,,,,,,,,,,,,,,,,,,,,,
e2588ba61891daa5-01,e2588ba61891daa5,,Indian Revised Version (IRV) Punjabi - 2019,ਇੰਡਿਅਨ ਰਿਵਾਇਜ਼ਡ ਵਰਜ਼ਨ (IRV) - ਪੰਜਾਬੀ,IRVPun,IRVPun,Bible for all,Bible for all,pan,Panjabi,ਪੰਜਾਬੀ,Gurmukhi,LTR,IN,India,India,text,2020-09-15T06:10:36.000Z,,,,,,,,,,,,,,,,439ac17466ab4ae1-01,Punjabi Indian Revised Version (IRV),ਇੰਡਿਅਨ ਰਿਵਾਇਜ਼ਡ ਵਰਜ਼ਨ (IRV) - ਪੰਜਾਬੀ,439ac17466ab4ae1,,,,,,,,,,,,,,,,,,,,,,,,,,,
1c9761e0230da6e0-01,1c9761e0230da6e0,,Updated Gdansk Bible,UWSPÓŁCZEŚNIONA BIBLIA GDAŃSKA,polUBG,UBG,Common,pospolity,pol,Polish,Polski,Latin,LTR,PL,Poland,Poland,text,2020-09-11T16:41:49.000Z,,,,,,,,,,,,,,,,,,,,,,,,,,,,,,,,,,,,,,,,,,,,,,
90799bb5b996fddc-01,90799bb5b996fddc,,Translation for Translators in Brasilian Portuguese,Translation for Translators in Brasilian Portuguese,TfTP,TfTP,common,comum,por,Portuguese,Português,Latin,LTR,BR,Brazil,Brazil,text,2020-09-15T05:04:35.000Z,,,,,,,,,,,,,,,,,,,,,,,,,,,,,,,,,,,,,,,,,,,,,,
355792a03079ccdd-01,355792a03079ccdd,,The New Testament in Pogoro,Lipatanu Lya Syayi Kwa Wantu Woseri,PBV,PBV,New Testament,New Testament,poy,Shipogoro,Pogolo,Roman,LTR,TZ,Tanzania,Tanzania,text,2020-09-11T18:15:16.000Z,,,,,,,,,,,,,,,,,,,,,,,,,,,,,,,,,,,,,,,,,,,,,,
33ac978af36830fa-02,33ac978af36830fa,,Carpathian Romani 2019,Le Devleskero Lav Andre Romaňi Čhib Slovensko 2019,RNC,RNC,The Carpathian Romani Bible for app,Le Devleskero Lav Andre Romaňi Čhib Slovensko 2019,rmc,"Romani, Carpathian",Romanes,Latin,LTR,SK,Slovakia,Slovakia,text,2021-01-07T09:08:46.000Z,CZ,Czech Republic,Czech Republic,UA,Ukraine,Ukraine,,,,,,,,,,,,,,,,,,,,,,,,,,,,,,,,,,,,,,,,
98d1c5bee401f80c-01,98d1c5bee401f80c,,The New Testament in Lughulu,Laghano Lya Sambi Kwe Iwanu Wose,LBV,LBV,New Testament,New Testament,ruf,Chilughuru,Luguru,Roman,LTR,TZ,Tanzania,Tanzania,text,2020-09-11T23:28:32.000Z,,,,,,,,,,,,,,,,,,,,,,,,,,,,,,,,,,,,,,,,,,,,,,
bb3df4b7c8587c77-01,bb3df4b7c8587c77,,Sanskrit Bible (NT) in Assamese Script (সত্যৱেদঃ।),সত্যৱেদঃ। Sanskrit Bible (NT) in Assamese Script,SANAS,SANAS,Sanskrit Bible (NT) in Assamese Script (সত্যৱেদঃ।),সত্যৱেদঃ। Sanskrit Bible (NT) in Assamese Script,san,Sanskrit,Saṃskṛtam,Bengali,LTR,IN,India,India,text,2020-09-15T05:41:13.000Z,,,,,,,,,,,,,,,,,,,,,,,,,,,,,,,,,,,,,,,,,,,,,,
8d1ad2c921d811c3-01,8d1ad2c921d811c3,,Sanskrit Bible (NT) in Bengali Script,সত্যবেদঃ। Sanskrit Bible (NT) in Bengali Script,SANBN,SANBN,Sanskrit Bible (NT) in Bengali Script (সত্যবেদঃ।),Sanskrit Bible (NT) in Bengali Script (সত্যবেদঃ।),san,Sanskrit,Saṃskṛtam,Bengali,LTR,IN,India,India,text,2020-09-11T22:50:47.000Z,,,,,,,,,,,,,,,,,,,,,,,,,,,,,,,,,,,,,,,,,,,,,,
9449d4ad98193779-01,9449d4ad98193779,,Sanskrit Bible (NT) in Burmese Script (သတျဝေဒး၊),သတျဝေဒး၊ Sanskrit Bible (NT) in Burmese Script (),SANBU,SANBU,Sanskrit Bible (NT) in Burmese Script (သတျဝေဒး၊),သတျဝေဒး၊ Sanskrit Bible (NT) in Burmese Script (),san,Sanskrit,Saṃskṛtam,Code for uncoded script,LTR,IN,India,India,text,2020-09-11T23:14:02.000Z,,,,,,,,,,,,,,,,,,,,,,,,,,,,,,,,,,,,,,,,,,,,,,
33b6449cacf22773-01,33b6449cacf22773,,Sanskrit Bible (NT) in Cologne Script (satyavEdaH|),satyavEdaH| Sanskrit Bible (NT) in Cologne Script,SANCO,SANCO,Sanskrit Bible (NT) in Cologne Script (satyavEdaH|,satyavEdaH| Sanskrit Bible (NT) in Cologne Script,san,Sanskrit,Saṃskṛtam,Latin,LTR,IN,India,India,text,2020-09-11T18:11:11.000Z,,,,,,,,,,,,,,,,,,,,,,,,,,,,,,,,,,,,,,,,,,,,,,
e9ea572977b4f504-01,e9ea572977b4f504,,Sanskrit Bible (NT) in Gujarati Script (સત્યવેદઃ।),સત્યવેદઃ। Sanskrit Bible (NT) in Gujarati Script,SANGJ,SANGJ,Sanskrit Bible (NT) in Gujarati Script (સત્યવેદઃ।),સત્યવેદઃ। Sanskrit Bible (NT) in Gujarati Script,san,Sanskrit,Saṃskṛtam,Gujarati,LTR,IN,India,India,text,2020-07-29T02:20:56.000Z,,,,,,,,,,,,,,,,,,,,,,,,,,,,,,,,,,,,,,,,,,,,,,
89007ccbb2eb5187-01,89007ccbb2eb5187,,Sanskrit Bible (NT) in Harvard-Kyoto Script (satyavedaH|),satyavedaH| Sanskrit Bible (NT) in Harvard-Kyoto Script,SANHK,SANHK,Sanskrit Bible (NT) in Harvard-Kyoto Script (satyavedaH|),satyavedaH| Sanskrit Bible (NT) in Harvard-Kyoto Script,san,Sanskrit,Saṃskṛtam,Latin,LTR,IN,India,India,text,2020-09-11T22:39:50.000Z,,,,,,,,,,,,,,,,,,,,,,,,,,,,,,,,,,,,,,,,,,,,,,
0b07fcef627a2db2-01,0b07fcef627a2db2,,Sanskrit Bible (NT) in IAST Script (satyavedaḥ|),satyavedaḥ| Sanskrit Bible (NT) in IAST Script,SANIA,SANIA,Sanskrit Bible (NT) in IAST Script (satyavedaḥ|),satyavedaḥ| Sanskrit Bible (NT) in IAST Script,san,Sanskrit,Saṃskṛtam,Latin,LTR,IN,India,India,text,2020-09-15T03:30:46.000Z,,,,,,,,,,,,,,,,,,,,,,,,,,,,,,,,,,,,,,,,,,,,,,
d4599ff3c6b97f3a-01,d4599ff3c6b97f3a,,Sanskrit Bible (NT) in ISO Script (satyavēdaḥ|),satyavēdaḥ| Sanskrit Bible (NT) in ISO Script,SANIS,SANIS,Sanskrit Bible (NT) in ISO Script (satyavēdaḥ|),satyavēdaḥ| Sanskrit Bible (NT) in ISO Script,san,Sanskrit,Saṃskṛtam,Latin,LTR,IN,India,India,text,2020-09-12T00:33:45.000Z,,,,,,,,,,,,,,,,,,,,,,,,,,,,,,,,,,,,,,,,,,,,,,
6bc5ae3d6dd9009a-01,6bc5ae3d6dd9009a,,Sanskrit Bible (NT) in ITRANS Script (satyavedaH|),satyavedaH| Sanskrit Bible (NT) in ITRANS Script,SANIT,SANIT,Sanskrit Bible (NT) in ITRANS Script (satyavedaH|),satyavedaH| Sanskrit Bible (NT) in ITRANS Script,san,Sanskrit,Saṃskṛtam,Latin,LTR,IN,India,India,text,2020-09-15T04:44:35.000Z,,,,,,,,,,,,,,,,,,,,,,,,,,,,,,,,,,,,,,,,,,,,,,
c1f49ed98a65a544-01,c1f49ed98a65a544,,Sanskrit Bible (NT) in Kannada Script (ಸತ್ಯವೇದಃ।),ಸತ್ಯವೇದಃ। Sanskrit Bible (NT) in Kannada Script,SANKA,SANKA,Sanskrit Bible (NT) in Kannada Script (ಸತ್ಯವೇದಃ।),ಸತ್ಯವೇದಃ। Sanskrit Bible (NT) in Kannada Script,san,Sanskrit,Saṃskṛtam,Kannada,LTR,IN,India,India,text,2020-07-28T23:21:16.000Z,,,,,,,,,,,,,,,,,,,,,,,,,,,,,,,,,,,,,,,,,,,,,,
6bb8b0fa7aca67c6-01,6bb8b0fa7aca67c6,,Sanskrit Bible (NT) in Khmer Script (សត្យវេទះ។),សត្យវេទះ។ Sanskrit Bible (NT) in Khmer Script,SANKH,SANKH,Sanskrit Bible (NT) in Khmer Script (សត្យវេទះ។),សត្យវេទះ។ Sanskrit Bible (NT) in Khmer Script,san,Sanskrit,Saṃskṛtam,Code for uncoded script,LTR,KH,Cambodia,Cambodia,text,2020-09-11T21:09:35.000Z,,,,,,,,,,,,,,,,,,,,,,,,,,,,,,,,,,,,,,,,,,,,,,
119375d97b57cf04-01,119375d97b57cf04,,Sanskrit Bible (NT) in Malayalam Script (സത്യവേദഃ।),സത്യവേദഃ। Sanskrit Bible (NT) in Malayalam Script,SANML,SANML,Sanskrit Bible (NT) in Malayalam Script (സത്യവേദഃ।),സത്യവേദഃ। Sanskrit Bible (NT) in Malayalam Script,san,Sanskrit,Saṃskṛtam,Malayalam,LTR,IN,India,India,text,2020-09-11T15:05:44.000Z,,,,,,,,,,,,,,,,,,,,,,,,,,,,,,,,,,,,,,,,,,,,,,
5a27fd2a2de187c8-01,5a27fd2a2de187c8,,Sanskrit Bible (NT) in Oriya Script (ସତ୍ୟୱେଦଃ।),ସତ୍ୟୱେଦଃ। Sanskrit Bible (NT) in Oriya Script,SANOR,SANOR,Sanskrit Bible (NT) in Oriya Script (ସତ୍ୟୱେଦଃ।),ସତ୍ୟୱେଦଃ। Sanskrit Bible (NT) in Oriya Script,san,Sanskrit,Saṃskṛtam,Oriya,LTR,IN,India,India,text,2020-09-11T20:14:18.000Z,,,,,,,,,,,,,,,,,,,,,,,,,,,,,,,,,,,,,,,,,,,,,,
07225eadadcb079a-01,07225eadadcb079a,,Sanskrit Bible (NT) in Punjabi Script (ਸਤ੍ਯਵੇਦਃ।),ਸਤ੍ਯਵੇਦਃ। Sanskrit Bible (NT) in Punjabi Script,SANPN,SANPN,Sanskrit Bible (NT) in Punjabi Script (ਸਤ੍ਯਵੇਦਃ।),ਸਤ੍ਯਵੇਦਃ। Sanskrit Bible (NT) in Punjabi Script,san,Sanskrit,Saṃskṛtam,Code for uncoded script,LTR,IN,India,India,text,2020-09-11T14:32:43.000Z,,,,,,,,,,,,,,,,,,,,,,,,,,,,,,,,,,,,,,,,,,,,,,
2c2cf8df5a22a46e-01,2c2cf8df5a22a46e,,Sanskrit Bible (NT) in Sinhala Script (සත්‍යවේදඃ।),සත්‍යවේදඃ। Sanskrit Bible (NT) in Sinhala Script,SANSI,SANSI,Sanskrit Bible (NT) in Sinhala Script (සත්‍යවේදඃ।),සත්‍යවේදඃ। Sanskrit Bible (NT) in Sinhala Script,san,Sanskrit,Saṃskṛtam,Code for uncoded script,LTR,LK,Sri Lanka,Sri Lanka,text,2020-09-11T17:41:28.000Z,,,,,,,,,,,,,,,,,,,,,,,,,,,,,,,,,,,,,,,,,,,,,,
143e0e03cf5b12ae-01,143e0e03cf5b12ae,,Sanskrit Bible (NT) in Tamil Script (ஸத்யவேத³​:।),ஸத்யவேத³​:। Sanskrit Bible (NT) in Tamil Script,SANTM,SANTM,Sanskrit Bible (NT) in Tamil Script (ஸத்யவேத³​:।),ஸத்யவேத³​:। Sanskrit Bible (NT) in Tamil Script,san,Sanskrit,Saṃskṛtam,Tamil,LTR,IN,India,India,text,2020-09-15T03:38:11.000Z,,,,,,,,,,,,,,,,,,,,,,,,,,,,,,,,,,,,,,,,,,,,,,
aa146959e1d39b78-01,aa146959e1d39b78,,Sanskrit Bible (NT) in Telugu Script (సత్యవేదః।),సత్యవేదః। Sanskrit Bible (NT) in Telugu Script,SANTE,SANTE,Sanskrit Bible (NT) in Telugu Script (సత్యవేదః।),సత్యవేదః। Sanskrit Bible (NT) in Telugu Script,san,Sanskrit,Saṃskṛtam,Telugu,LTR,IN,India,India,text,2020-07-28T21:14:35.000Z,,,,,,,,,,,,,,,,,,,,,,,,,,,,,,,,,,,,,,,,,,,,,,
306d6ab1ca333a1e-01,306d6ab1ca333a1e,,Sanskrit Bible (NT) in Thai Script (สตฺยเวท:ฯ),สตฺยเวท:ฯ Sanskrit Bible (NT) in Thai Script,SANTH,SANTH,Sanskrit Bible (NT) in Thai Script (สตฺยเวท:ฯ),สตฺยเวท:ฯ Sanskrit Bible (NT) in Thai Script,san,Sanskrit,Saṃskṛtam,Thai,LTR,TH,Thailand,Thailand,text,2020-09-11T17:57:25.000Z,,,,,,,,,,,,,,,,,,,,,,,,,,,,,,,,,,,,,,,,,,,,,,
018ff00d7f55cbc1-01,018ff00d7f55cbc1,,Sanskrit Bible (NT) in Tibetan Script (སཏྱཝེདཿ།),སཏྱཝེདཿ། Sanskrit Bible (NT) in Tibetan Script,SANTI,SANTI,Sanskrit Bible (NT) in Tibetan Script (སཏྱཝེདཿ།),སཏྱཝེདཿ། Sanskrit Bible (NT) in Tibetan Script,san,Sanskrit,Saṃskṛtam,Tibetan,LTR,CN,China,China,text,2020-09-11T22:13:39.000Z,,,,,,,,,,,,,,,,,,,,,,,,,,,,,,,,,,,,,,,,,,,,,,
51b16e0b4b7c9825-01,51b16e0b4b7c9825,,Sanskrit Bible (NT) in Urdu Script (سَتْیَویدَح۔),سَتْیَویدَح۔ Sanskrit Bible (NT) in Urdu Script,SANUR,SANUR,Sanskrit Bible (NT) in Urdu Script (سَتْیَویدَح۔),سَتْیَویدَح۔ Sanskrit Bible (NT) in Urdu Script,san,Sanskrit,Saṃskṛtam,Arabic,RTL,IN,India,India,text,2020-09-11T19:43:27.000Z,,,,,,,,,,,,,,,,,,,,,,,,,,,,,,,,,,,,,,,,,,,,,,
9a875168ff4df1a3-01,9a875168ff4df1a3,,Sanskrit Bible (NT) in Velthuis Script (satyaveda.h|),satyaveda.h| Sanskrit Bible (NT) in Velthuis Script,SANVE,SANVE,Sanskrit Bible (NT) in Velthuis Script (satyaveda.h|),satyaveda.h| Sanskrit Bible (NT) in Velthuis Script,san,Sanskrit,Saṃskṛtam,Latin,LTR,IN,India,India,text,2020-09-11T23:35:58.000Z,,,,,,,,,,,,,,,,,,,,,,,,,,,,,,,,,,,,,,,,,,,,,,
e8b40ccabe793c0d-01,e8b40ccabe793c0d,,Sanskrit NT in Devanagari,सत्यवेदः। Sanskrit NT in Devanagari,SAN-DN,SAN-DN,Sanskrit NT in Devanagari,सत्यवेदः। Sanskrit NT in Devanagari,san,Sanskrit,Saṃskṛtam,Devanagari,LTR,IN,India,India,text,2020-07-29T02:15:00.000Z,,,,,,,,,,,,,,,,,,,,,,,,,,,,,,,,,,,,,,,,,,,,,,
f95e2d9b384f8e6e-01,f95e2d9b384f8e6e,,Caning Bible Translation,Sorunu Kaläg na Ikä Caning,SHJ,SHJ,Gospel of Luke,Inycil Luka na Ikä Caning,shj,Shatt,Shatt,Latin,LTR,SS,South Sudan,South Sudan,text,2020-06-22T20:02:00.000Z,,,,,,,,,,,,,,,,,,,,,,,,,,,,,,,,,,,,,,,,,,,,,,
592420522e16049f-01,592420522e16049f,,Reina Valera 1909,Reina Valera 1909,RVR09,RVR09,Biblia Reina Valera 1909,Biblia Reina Valera 1909,spa,Spanish,Español,Latin,LTR,ZZ,Unspecific,Unspecific,text,2020-08-07T15:33:13.000Z,,,,,,,,,,,,,,,,,,,,,,,,,,,,,,,,,,,,,,,,,,,,,,
482ddd53705278cc-01,482ddd53705278cc,,"The New Testament in Spanish, Free Bible Version","El Nuevo Testamento, Versión Biblia Libre",VBL,VBL,common,Nuevo Testmento,spa,Spanish,Español,Latin,LTR,ES,Spain,Spain,text,2020-09-11T19:13:10.000Z,,,,,,,,,,,,,,,,,,,,,,,,,,,,,,,,,,,,,,,,,,,,,,
2a65010324d677b6-01,2a65010324d677b6,,Akukem Portions for DBL,Mak Osɨrisira Akaman Aghuuŋ ko Iesusɨm Mbɨsevisir Gumasi,Akg-MkAc,Akg-MkAc,,Published Mark & Acts,spm,Akukem,Akɨghɨman Akam,Latin,LTR,PG,Papua New Guinea,Papua New Guinea,text,2020-09-15T03:55:45.000Z,,,,,,,,,,,,,,,,,,,,,,,,,,,,,,,,,,,,,,,,,,,,,,
06995ce9cd23361b-01,06995ce9cd23361b,,Serbian Bible,Sveta Biblija,srp1865,SRP1865,common,zajednički,srp,Serbian,Српски/ Srpski,Latin,LTR,RS,Serbia,Serbia,text,2020-09-11T14:30:52.000Z,,,,,,,,,,,,,,,,,,,,,,,,,,,,,,,,,,,,,,,,,,,,,,
bbeb583cd75c6356-01,bbeb583cd75c6356,,Susu Bible,"Soso Kitaabuie: Tawureta, Yabura, Inyila",Susu,Soso,Bible in three volumes,Soso Kitaabuie,sus,Susu,Susu,Latin,LTR,GN,Guinea,Guinea,text,2020-07-28T23:00:03.000Z,,,,,,,,,,,,,,,,,,,,,,,,,,,,,,,,,,,,,,,,,,,,,,
2d5220a02a7aaac6-01,2d5220a02a7aaac6,,Susu Bible in Arabic Script,Ala xa Kitaabui Sosoe bɛ,AKS,AKS,Protestant,"Tawureta Munsa, Yabura Dawuda, Inyila Isa",sus,Susu,Susu,Arabic,RTL,GN,Guinea,Guinea,text,2020-09-11T17:44:29.000Z,,,,,,,,,,,,,,,,,,,,,,,,,,,,,,,,,,,,,,,,,,,,,,
fa4317c59f0825e0-01,fa4317c59f0825e0,,Swedish Core Bible - expanded,Svenska Kärnbibeln,SKB,SKB,En expanderad översättning,En expanderad översättning,swe,Swedish,Svenska,Latin,LTR,SE,Sweden,Sweden,text,2021-02-25T09:12:59.000Z,,,,,,,,,,,,,,,,,,,,,,,,,,,,,,,,,,,,,,,,,,,,,,
03a021185023710b-01,03a021185023710b,,Indian Revised Version (IRV) Tamil - 2019,இண்டியன் ரிவைஸ்டு வெர்ஸன் (IRV) - தமிழ்,IRVTam,IRVTam,Protestant Bible for all,Protestant Bible for all,tam,Tamil,தமிழ்,Tamil,LTR,IN,India,India,text,2020-09-11T14:19:29.000Z,,,,,,,,,,,,,,,,,,,,,,,,,,,,,,,,,,,,,,,,,,,,,,
8e3b1a957009c6ca-01,8e3b1a957009c6ca,,New Testament in Tay,Jisas Klays Takaw Teplep Ne,TayNT,TayNT,New Testament,New Testament,taw,Tay,Tai,Roman,LTR,PG,Papua New Guinea,Papua New Guinea,text,2020-09-11T22:53:12.000Z,,,,,,,,,,,,,,,,,,,,,,,,,,,,,,,,,,,,,,,,,,,,,,
5b835ce16a1703ff-01,5b835ce16a1703ff,,Indian Revised Version (IRV) Telugu - 2019,ఇండియన్ రివైజ్డ్ వెర్షన్ (IRV) - తెలుగు -2019,IRVTel,IRVTel,Bible for all,Bible for all,tel,Telugu,తెలుగు,Telugu,LTR,IN,India,India,text,2020-09-15T04:33:34.000Z,,,,,,,,,,,,,,,,,,,,,,,,,,,,,,,,,,,,,,,,,,,,,,
2eb94132ad61ae75-01,2eb94132ad61ae75,,Thai KJV,พระคัมภีร์ภาษาไทยฉบับ KJV,KJV,KJV,Protestant,โปรเตสแตนต์,tha,Thai,ไทย,Thai,LTR,TH,Thailand,Thailand,text,2020-09-11T17:48:57.000Z,,,,,,,,,,,,,,,,,,,,,,,,,,,,,,,,,,,,,,,,,,,,,,
30cb581bcc911c45-01,30cb581bcc911c45,,God's Book in Toma,GALA Sɛʋɛi,GS,GS,portions,portions,tod,Toma,Toma,Latin,LTR,GN,Guinea,Guinea,text,2020-09-11T17:59:45.000Z,,,,,,,,,,,,,,,,,,,,,,,,,,,,,,,,,,,,,,,,,,,,,,
25210406001d9aae-01,25210406001d9aae,,Tongan Revised West Translation,KO E TOHI TAPU KĀTOA,tonRWV,RWV,"The Holy Bible in Tongan, Revised West Translation","The Holy Bible in Tongan, Revised West Translation",ton,Tonga (Tonga Islands),lea fakatonga,Latin,LTR,TO,Tonga,Tonga,text,2020-09-11T17:08:18.000Z,,,,,,,,,,,,,,,,,,,,,,,,,,,,,,,,,,,,,,,,,,,,,,
de0270810140edf9-01,de0270810140edf9,,Indian Revised Version (IRV) Urdu - 2019,इंडियन रिवाइज्ड वर्जन (IRV) उर्दू - 2019,IRVUrd,IRVUrd,Urdu Bible for All,Urdu Bible for All,urd,Urdu,اردو,Devanagari,LTR,IN,India,India,text,2020-09-15T06:04:45.000Z,,,,,,,,,,,,,,,,,,,,,,,,,,,,,,,,,,,,,,,,,,,,,,
e01f11e9b4b8e338-01,e01f11e9b4b8e338,,Sob Jonah and Luke,Profet Yonab / Dora Nama Lukede Feiaga,SobP15,SobP15,Sob Portions 15,Sob Portions,urw,Sop,Sob Dora,Latin,LTR,PG,Papua New Guinea,Papua New Guinea,text,2020-09-15T06:06:57.000Z,,,,,,,,,,,,,,,,,,,,,,,,,,,,,,,,,,,,,,,,,,,,,,
c2d40ebca6db1ec5-01,c2d40ebca6db1ec5,,The Bible in Vidunda,"Ilagano lya Katali, Ilagano Linyale kwa Wanhu Weng’ha",Vidunda,Chividunda,"New Testament, Pentateuch",Chividunda,vid,Vidunda,Chividunda,Latin,LTR,TZ,"Tanzania, United Republic of","Tanzania, United Republic of",text,2020-09-15T05:45:32.000Z,,,,,,,,,,,,,,,,,,,,,,,,,,,,,,,,,,,,,,,,,,,,,,
1b878de073afef07-01,1b878de073afef07,,Vietnamese Bible (1934),Vietnamese Bible (1934),vie1934,VIE1934,common,chung,vie,Vietnamese,Tiếng Việt,Latin,LTR,VN,Viet Nam,Viet Nam,text,2020-09-11T16:38:07.000Z,,,,,,,,,,,,,,,,,,,,,,,,,,,,,,,,,,,,,,,,,,,,,,
afe8f67d8ba9025c-01,afe8f67d8ba9025c,,Yalunka Bible,Kisin Kiraan Kitabuna,Yalb,Kitabuna,Protestant Bible,Protestant Bible,yal,Yalunka,Yalunka,Roman,LTR,GN,Guinea,Guinea,text,2020-09-15T05:26:07.000Z,,,,,,,,,,,,,,,,,,,,,,,,,,,,,,,,,,,,,,,,,,,,,,
8a448a0135a6a70a-01,8a448a0135a6a70a,,Yapese Bible,Bible Ni Thothup,yap,YAP,common,common,yap,Yapese,Yapese,Latin,LTR,FM,"Micronesia, Federated States of","Micronesia, Federated States of",text,2020-09-11T22:44:16.000Z,,,,,,,,,,,,,,,,,,,,,,,,,,,,,,,,,,,,,,,,,,,,,,
7e7a704dd32c4280-01,7e7a704dd32c4280,,The New Testament in Zaramo,Lagano Da Isambi Da Mndewa Na Mkombola Wetu Yesu Kilisto,Kizalamo,Kizalamo,New Testament in Zaramo,Lagano da Isambi Muulonzi wa Kizalamo,zaj,Zaramo,Kizalamo,Latin,LTR,TZ,"Tanzania, United Republic of","Tanzania, United Republic of",text,2020-09-10T20:47:12.000Z,,,,,,,,,,,,,,,,,,,,,,,,,,,,,,,,,,,,,,,,,,,,,,
c9f3cf58d557a9f3-01,c9f3cf58d557a9f3,,The New Testament in Zigua,Lagano hya,ZiBT,ZiBT,Zigua NT,Zigua NT,ziw,Zigua,Zigula,Roman,LTR,TZ,Tanzania,Tanzania,text,2020-09-15T05:47:14.000Z,,,,,,,,,,,,,,,,,,,,,,,,,,,,,,,,,,,,,,,,,,,,,,
